Product Name,Price,Link
"YAMAHA NMAX TH 2018 ISTIMEWA CASH / TT / KREDIT DP 1,5 JT",Rp 19.900.000,N/A
PROMO MOTOR BARU YAMAHA FILANO NEO & FILANO LUX DP MINIM,Rp 28.000.000,N/A
YAMAHA LEXI TGN 1 dp 1.8,Rp 16.500.000,N/A
Dijual cepat! Mio M3 2020,Rp 10.000.000,N/A
Vixion Old 2011,Rp 7.800.000,N/A
Yamaha Xride 2013,Rp 6.500.000,N/A
Nmax Hitam 2017,Rp 15.500.000,N/A
Mio sporty 2006,Rp 4.000.000,N/A
"( Pajak hidup 12 bulan ) Yamaha Gear 125 2024 , mio gear 2024",Rp 13.600.000,N/A
Dp 800rb Nmax Connected KTP Daerah Bi jelek bs kredit,Rp 21.000.000,N/A
2022 XSR 155 Black Matte mint condition low KM,Rp 30.000.000,N/A
YAMAHA YZF R25 BLUE GP 2014 KM 13K AJA PAJAK ON,Rp 31.500.000,N/A
YAMAHA YZF R25 V1 GREY 2016 LOW KM SIAP GAS,Rp 33.500.000,N/A
Yamaha Mio S 2018,Rp 6.850.000,N/A
Yamaha gear type s 2022,Rp 10.900.000,N/A
Yamaha lexi 2019,Rp 15.250.000,N/A
JualCpt 90%LikeNew KM20Rb YAMAHA R15 2021 BIRU,Rp 21.900.000,N/A
PROMO MOTOR BARU NMAX NEO NMAX NEO S & NMAX TURBO DP MULAI 1 JT AN,Rp 33.500.000,N/A
All New Yamaha Nmax 155 cc Tahun 2020 ISTIMEWA,Rp 20.700.000,N/A
N-Max 2015 warna hitam,Rp 18.500.000,N/A
YAMAHA NMAX 2020 GOOD CONDITION,Rp 21.750.000,N/A
DP 600 RIBU YAMAHA ALLNEW NMAX 155 TAHUN 2021,Rp 23.500.000,N/A
FAZZIO NEO TH 2023 1 JAM PROSES YUK ORDER PAKE CC/KREDIVO,Rp 17.800.000,N/A
Dp 1jt Yamaha Grand Filano ktp daerah Bi jelek bs kredit,Rp 21.000.000,N/A
Yamaha aerox s abs th 2024,Rp 27.150.000,N/A
Dijual motor XSR 155 black,Rp 23.000.000,N/A
Yamaha aerox s abs th 2024,Rp 27.150.000,N/A
Yamaha aerox s abs th 2024,Rp 27.200.000,N/A
Yamaha aerox s abs tahun 2024,Rp 27.250.000,N/A
Yamaha Mio soul GT F1 th 2024 plat 2029 PJK pnjng mesin halus,Rp 7.000.000,N/A
Yamaha Aerox 2017,Rp 18.000.000,N/A
Fino FI 2019 Biru Modif,Rp 13.000.000,N/A
All New Yamaha Fazzio Neo Hybrid 125 cc Tahun 2022 ISTIMEWA,Rp 15.200.000,N/A
"Yamaha Nmax ABS TCS 2023, Silver Gold",Rp 28.000.000,N/A
Yamaha Lexam apa adanya,Rp 2.500.000,N/A
Yamaha Jupiter zrobot,Rp 4.000.000,N/A
Yamaha Fino fi th 2015 mesin halus,Rp 6.200.000,N/A
YAMAHA YZF R25 V2 MOVISTAR 2018 KM 15K PAJAK ON,Rp 39.800.000,N/A
Yamaha Fino th 2013 plat 2028 PJK pnjng mesin halus,Rp 6.800.000,N/A
Yamaha Xeon GT F1 125 CC th 2014 plat 2029 PJK pnjng mesin halus,Rp 7.500.000,N/A
[Motor Baru] PROMO KREDIT MOTOR YAMAHA JABODETABEK,Rp 19.990.000,N/A
"( KEYLESS ) Yamaha Nmax 155 S 2024 , new Nmax 2024 , pajak panjang",Rp 26.600.000,N/A
DP 500 RB NMAX KEYLES 2022 DI BANTU SAMPE ACC,Rp 24.000.000,N/A
Yamaha Mio soul GT F1 th 2013 plat 2028 mesin  halus,Rp 6.250.000,N/A
Yamaha new freego s keyless 2023 km low,Rp 16.900.000,N/A
YAMAHA MIO SMILE MASIH MULUS.,Rp 5.500.000,N/A
PROMO MOTOR BARU NMAX NEO NMAX NEO S & NMAX TURBO DP MULAI 1 JT AN,Rp 33.500.000,N/A
[TYPE ABS]All New Yamaha Nmax Keyless 155 cc Tahun 2021 ISTIMEWA,Rp 22.300.000,N/A
Yamaha vixion 2009 injection,Rp 6.500.000,N/A
"YAMAHA MT25 TAHUN 2016, FULL PAPER, PAJAK ON PANJANG, MT 25",Rp 27.000.000,N/A
Yamaha Jupiter MX 135 kopling th 2012 plat 2027 PJK pnjng mesin halus,Rp 7.350.000,N/A
DP 6 JT XSR 155 2023 MOTOR GRES KAYA BARU,Rp 29.000.000,N/A
Yamaha Fazzio luxury 2024,Rp 15.700.000,N/A
"(DP 500)‼️ NMax Keyless Connected 2023 Cash, Kredit & Tukar Tambah",Rp 26.500.000,N/A
Yamaha lexi th 2020 b DKI km low istimewa,Rp 13.650.000,N/A
"WR 155 R. Th 2024. Bs trad in, cash/ kredit",Rp 31.000.000,N/A
Yamaha new aerox abs conected 2023 km low,Rp 24.850.000,N/A
Yamaha NMAX 2024,Rp 22.950.000,N/A
Jual Cpt 90%LikeNew KM19Rb PjkNov25 YAMAHA XSR 2022 BIRU NAVY,Rp 28.900.000,N/A
YAMAHA NEW NMAX TH 2021 MEWAH CASH / TT / KREDIT / CC 0% / PAYLATER,Rp 23.900.000,N/A
PROMO MOTOR BARU YAMAHA FAZZIO HYBRID FAZZIO NEO & FAZZIO LUX DP MINIM,Rp 22.500.000,N/A
Yamaha Nmax 2022,Rp 20.500.000,N/A
( Pajak Hidup ) Yamaha Grand Filano 2023 fillano hybrid neo connected,Rp 20.500.000,N/A
Jual motor matic  Xeon tahun 2011 surat2 lngkp STNK BPKB ada,Rp 4.100.000,N/A
(Pjk pnjng 1/2026) Yamaha Mio Gear 2023 Bergaransi,Rp 11.500.000,N/A
Yamaha aerox abs 2020 km low super gress,Rp 18.250.000,N/A
"All new Nmax th 2021. Bs trad in, cc, tokped",Rp 21.500.000,N/A
YAMAHA NEW NMAX 2021 KREDIT DP HANYA 600RB ANGSURAN SANGAT TERJANGKAU,Rp 23.500.000,N/A
Yamaha Aerox 2023 komplit,Rp 20.000.000,N/A
"( Pajak Hidup ) Yamaha New Freego 125 2023 , freego 2023",Rp 15.500.000,N/A
RX King 2003 kondisi mulus,Rp 30.000.000,N/A
Yamaha mio m3 pjk pjng,Rp 8.500.000,N/A
Di jual Yamaha NMAX THN 2024 bln 10,Rp 25.700.000,N/A
DIJUAL YAMAHA LEXI LX S 155 VVA SILVER,Rp 21.000.000,N/A
PROMO MOTOR BARU YAMAHA AEROX ALPHA AEROX CYBER AEROX TURBO DP MINIM,Rp 30.000.000,N/A
"( Pajak Hidup ) Yamaha New Freego 125 2023 , freego 2023",Rp 15.500.000,N/A
YAMAHA NMAX 2019 KREDIT MURAH DP CUMA 500RIBU ANGSURAN SANGAT RINGAN,Rp 20.900.000,N/A
YAMAHA NMAX 2019 KREDIT MURAH DP CUMA 500RIBU ANGSURAN SANGAT RINGAN,Rp 20.900.000,N/A
YAMAHA NMAX 2019 KREDIT MURAH DP CUMA 500RIBU ANGSURAN SANGAT RINGAN,Rp 20.900.000,N/A
YAMAHA NMAX 2019 KREDIT MURAH DP CUMA 500RIBU ANGSURAN SANGAT RINGAN,Rp 20.900.000,N/A
YAMAHA NMAX 2019 KREDIT MURAH DP CUMA 500RIBU ANGSURAN SANGAT RINGAN,Rp 20.900.000,N/A
MIO J 2013 SURAT KOMPLIT,Rp 6.400.000,N/A
YAMAHA MT25 MERAH 2015 MULUS NO MINUS,Rp 30.000.000,N/A
"YAMAHA FAZZIO LUX TH.2024, BYR PAKE CC, SHOPEE, KREDIVO, DLL.",Rp 19.500.000,N/A
All New Yamaha Fazzio Neo Hybrid 125 cc Tahun 2022 ISTIMEWA,Rp 15.200.000,N/A
Yamaha GEAR 125CC 2022,Rp 10.000.000,N/A
JualCpt 90%LikeNew Modif 8Jt YAMAHA R25 2016 Abu,Rp 30.900.000,N/A
Yamaha gear 2021,Rp 11.000.000,N/A
Yamaha byson karbu 2012,Rp 6.000.000,N/A
Soul GT 2016 Surat Lengkap Pajak Mati Kondisi Normal,Rp 6.500.000,N/A
Motor rx king 1995,Rp 22.000.000,N/A
Yamaha new Lexi LX 2024 FULL ORISINIL GRESS,Rp 21.550.000,N/A
FREEGO MURAH GRESS READY,Rp 12.000.000,N/A
Yamaha R25 2018 Low Km Dki joss,Rp 24.850.000,N/A
(Pjk pnjng 1/2026) Yamaha Mio Gear 2023 Bergaransi,Rp 11.500.000,N/A
Yamaha all new nmax connected abs 2022,Rp 26.800.000,N/A
DP 1 JT AEROX CONNECTED THN 2023 PJK HIDUP PROSES DIBANTU SAMPAI ACC,Rp 22.500.000,N/A
Yamaha NMAX NEO full modif fresh,Rp 60.000.000,N/A
WARNA FAVORIT! Yamaha MT25 LOW KM,Rp 31.850.000,N/A
PROMO MOTOR BARU YAMAHA AEROX ALPHA AEROX CYBER AEROX TURBO DP MINIM,Rp 30.000.000,N/A
All New Yamaha Fazzio Neo Hybrid 125 cc 2023,Rp 15.800.000,N/A
"YAMAHA XMAX 250 CON ABS TAHUN 2023 SIAP PAKAI, BERGARANSI, FREE SERVIS",Rp 54.900.000,N/A
MIO Z tahun 2018,Rp 6.500.000,N/A
Yamaha nmax keyless 2020,Rp 19.900.000,N/A
(Pjk pnjng 1/2026) Yamaha Mio Gear 2023 istimewa,Rp 11.500.000,N/A
DP MURAH XMAX 250 ABS THN 2021 PJK HIDUP PROSES DIBANTU SAMPAI ACC,Rp 49.000.000,N/A
Fino sporty tahun 2014 lengkap bagus mesin halus,Rp 7.800.000,N/A
"DP 1,5 JT AEROX CYBER CITY THN 2024 PROSES DIBANTU SAMPAI ACC",Rp 25.000.000,N/A
Yamaha Gear 125 2023/2024 Pajak on panjang mulus Ori,Rp 12.700.000,N/A
Yamaha Freego 2022 Pajak on panjang Mulus Ori,Rp 13.950.000,N/A
[Motor Baru] Yamaha Filano DP 1.100,Rp 28.445.000,N/A
JualCpt 90%LikeNew YAMAHA XSR WORLD GP 60Th ANNIVERSARY 2022 PUTIH,Rp 32.900.000,N/A
Xmax 2021/2020 Ban BARU Pirelli Shock YSS G-SERIES,Rp 48.900.000,N/A
Yamaha Fino  2014,Rp 7.000.000,N/A
jupiter yamaha jual cepet,Rp 6.000.000,N/A
AEROX CYBERCITY CASH KREDIT  /GARANSI MESIN DAN FREE SERVICE 6X,Rp 25.000.000,N/A
DP 500 GRAND FILANO NEO /GARANSI MESIN DAN FREE SERVICE 6X,Rp 22.500.000,N/A
DP MURAH XMAX 250 ABS THN 2023 PJK HIDUP PROSES DIBANTU SAMPAI ACC,Rp 57.000.000,N/A
DP MURAH XSR 155 THN 2022 PJK HIDUP PROSES DIBANTU SAMPAI ACC,Rp 30.000.000,N/A
DP 2 JT NMAX 155 VVA THN 2019 PJK HIDUP PROSES DIBANTU SAMPAI ACC,Rp 20.500.000,N/A
DP 500 ALL NEW NMAX CONNECTED  /GARANSI MESIN DAN FREE SERVICE 6X,Rp 27.500.000,N/A
"DP 1,5 JT GRAND FILANO NEO THN 2023 PJK HIDUP PROSES DIBANTU SAMPE ACC",Rp 22.500.000,N/A
PROMO TANPA DP FAZZIO NEO,Rp 17.000.000,N/A
YAMAHA AEROX CONNETED TH 2022 LOW KM LIKE NEW MULUS CASH / TT / KREDIT,Rp 22.900.000,N/A
"Yamaha XMax 250, 2018",Rp 47.500.000,N/A
Yamaha R25 rawatan bengkel resmi. sGRESS  ISTIMEWA.. LOW KM,Rp 29.500.000,N/A
Yamaha R6 tahun 2014,Rp 238.000.000,N/A
DP 1 JT FAZZIO NEO THN 2024 PROSES DIBANTU SAMPAI ACC,Rp 18.500.000,N/A
CASH DAN KREDIT XMAX OLD / CICILAN 0% VIA CC DAN TOKPED,Rp 45.500.000,N/A
CASH KREDIT XMAX OLX 2022 KM LOW / CICILAN 0% VIA CC DAN TOKPED,Rp 49.000.000,N/A
DP 500RB ALL NEW NMAX KEYLES THN 2022 PJK HDP PROSES DIBANTU SAMPE ACC,Rp 24.000.000,N/A
Yamaha Fazzio Neo 2024 Blue,Rp 18.500.000,N/A
"XMAX OLD REGIST 2024 CASH ,KREDIT, TUKAR TAMBAH ,DAN JUAL",Rp 48.000.000,N/A
DP MURAH XSR 155 THN 2023 PJK HIDUP PROSES DIBANTU SAMPAI ACC,Rp 29.000.000,N/A
DP 1 JT AEROX CYBERCITY  /GARANSI MESIN DAN FREE SERVICE 6X,Rp 25.000.000,N/A
NMAX CONNECTED ABS 2022 (KM 11K),Rp 25.900.000,N/A
Yamaha r1 2014 blue FULLPAPER!!,Rp 340.000.000,N/A
PROMO MOTOR BARU YAMAHA FAZZIO HYBRID FAZZIO NEO & FAZZIO LUX DP MINIM,Rp 22.500.000,N/A
Fazzio Keyles 2024 Bln 9 B-Dki/Jaksel Pjk ON Pnjg Gres KM 18rb,Rp 16.500.000,N/A
PROMO MOTOR BARU YAMAHA FILANO NEO & FILANO LUX DP MINIM,Rp 28.000.000,N/A
Yamaha NMAX 2019 Ganteng Muluss Jos murmer,Rp 14.450.000,N/A
AEROX CONNECTED ABS 2021,Rp 22.500.000,N/A
DP 600 RIBU CASH DAN KREDIT YAMAHA ALLNEW NMAX 155 TAHUN 2021,Rp 23.500.000,N/A
JUPITER MX KING 2023 (ISTIMEWA),Rp 20.500.000,N/A
YAMAHA ALLNEW NMAX 155 TAHUN 2021 DP 600 RIBU,Rp 23.500.000,N/A
MIO M3 2024 (ISTIMEWA),Rp 14.500.000,N/A
Yamaha Lexi 125 - Red Edition 2018,Rp 13.000.000,N/A
Cash Dan Kredit Yamaha AllNew Nmax 155 Tahun 2021,Rp 23.500.000,N/A
DP 600 RIBU CASH/KREDIT YAMAHA ALLNEW NMAX 155 TAHUN 2021,Rp 23.500.000,N/A
Jual Cepat Sepeda Motor Bekas Surat Surat Lengkap Pajak Off Nego Tipis,Rp 6.500.000,N/A
YAMAHA XMAX KM 4.xxx CONNECTED 2023,Rp 58.900.000,N/A
YAMAHA F1ZR MARLBORO MULUS,Rp 20.000.000,N/A
PROMO MOTOR BARU NMAX NEO NMAX NEO S & NMAX TURBO DP MULAI 1 JT AN,Rp 33.500.000,N/A
AEROX 2017 ONLY BPKP,Rp 12.000.000,N/A
Yamaha Grand Filano 2024,Rp 21.900.000,N/A
Jual Mio soul nego,Rp 4.500.000,N/A
Fazio 2024 low KM.,Rp 18.500.000,N/A
Yamaha CSR Seperti Baru Km 1 Rb,Rp 27.900.000,N/A
"YAMAHA XMAX 250 CON ABS TAHUN 2023 GRATIS SERVIS, FREE OLI, SIAP PAKAI",Rp 54.900.000,N/A
YAMAHA XMAX 250 CON ABS TAHUN 2023 GRATIS KIRIM SEJABODETABEK,Rp 54.900.000,N/A
YAMAHA XMAX 250 CON TAHUN 2023 BISA CASH / KREDIT / TUKAR TAMBAH,Rp 54.900.000,N/A
DP 2.5JT SYARAT KTP&KK • AEROX S ABS 2024 LIKE NEW SIAP PAKAI,Rp 26.000.000,N/A
Yamaha Lexi Modif tahun 2019 Red Repain Red Candy,Rp 13.500.000,N/A
Di jual cepat motor aerox abs,Rp 23.850.000,N/A
Jual Motor Yamaha R15 tahun 2015,Rp 10.000.000,N/A
RX KING 2007 Biru Peredam Standard,Rp 51.000.000,N/A
(DP 500 Rb)‼️ Aerox S ABS Keyless Connected 2022 Cash & Kredit,Rp 23.500.000,N/A
DP 1JT SYARAT KTP&KK • YAMAHA AEROX KUNCI 2023,Rp 22.500.000,N/A
DP 500RB SYARAT KTP&KK • YAMAHA NMAX CONECTED 2022,Rp 24.000.000,N/A
DP PROMO • YAMAHA WR155R TAHUN 2024 LIKE NEW,Rp 31.000.000,N/A
Yamaha Vega ZR 2010,Rp 3.000.000,N/A
Yamaha Fino fi th 2015 mesin halus,Rp 6.200.000,N/A
YAMAHA NMAX 155 2019 CASH/KREDIT/TUKAR TAMBAH,Rp 20.900.000,N/A
YAMAHA NMAX 155 2019 CASH/KREDIT/TUKAR TAMBAH,Rp 20.900.000,N/A
YAMAHA NMAX 155 2019 CASH/KREDIT/TUKAR TAMBAH,Rp 20.900.000,N/A
R15 V4 CONICTED THN 2023 PLAT BE LAMPUNG PAJAK HIDUP,Rp 20.500.000,N/A
PROMO MOTOR BARU NMAX NEO NMAX NEO S & NMAX TURBO DP MULAI 1 JT AN,Rp 33.500.000,N/A
Yamaha NMAX 150 Th.2016 km rendah 260 kondisi istimewa,Rp 21.000.000,N/A
PROMO MOTOR BARU YAMAHA AEROX ALPHA AEROX CYBER AEROX TURBO DP MINIM,Rp 30.000.000,N/A
YAMAHA NMAX 155 2019 CASH/KREDIT/TUKAR TAMBAH,Rp 20.900.000,N/A
YAMAHA NMAX 155 2019 CASH/KREDIT/TUKAR TAMBAH,Rp 20.900.000,N/A
Yamaha Xmax old 2017 ABS,Rp 38.500.000,N/A
AEROX 2019 ABS KEYLESS,Rp 26.000.000,N/A
"YAMAHA NEW VIXION R TAHUN 2022 GRATIS SERVIS, FREE OLI, BERGARANSI",Rp 17.600.000,N/A
YAMAHA GRAND FILANO 2024 MULUS,Rp 23.500.000,N/A
"YAMAHA NEW VIXION R TAHUN 2022 BERGAANSI, PAJAK HIDUP, SURAT LENGKAP",Rp 17.600.000,N/A
"YAMAHA NEW VIXION R TAHUN 2022 BERGARANSI, SIAP PAKAI, PAJAK HIDUP",Rp 17.600.000,N/A
Yamaha r15 (2016),Rp 15.000.000,N/A
PROMO MOTOR BARU YAMAHA AEROX ALPHA AEROX CYBER AEROX TURBO DP MINIM,Rp 30.000.000,N/A
DIJUAL YAMAHA XSR 155cc TINGGAL GASS !!,Rp 28.000.000,N/A
PROMO MOTOR BARU YAMAHA AEROX ALPHA AEROX CYBER AEROX TURBO DP MINIM,Rp 30.000.000,N/A
XSR 155 Mulus (Pajak Pjg 04/2026),Rp 27.700.000,N/A
mio soul 2011 dki pajak baru bayar 04 2026,Rp 6.700.000,N/A
"YAMAHA NEW VIXION R TAHUN 2022 GRATIS KIRIM SEJABODETABEK, SIAP PAKAI",Rp 17.600.000,N/A
MIO SPORTY TH 2007 UDH GANTENG,Rp 6.500.000,N/A
mio smile 2010 dki pajak&plat baru of bulan ini,Rp 6.200.000,N/A
YAMAHA GRAND FILANO 2024 KILOMETER RENDAH,Rp 23.500.000,N/A
Dijual R25 2015,Rp 24.000.000,N/A
"YAMAHA FAZIO LUX 2024, B DKI. CASH/CREDIT, TOKPED, SHOPEE, CC.",Rp 19.500.000,N/A
Fino sporty 2020 orisinil cakep,Rp 9.850.000,N/A
Mio smile 2010 lengkap bagus,Rp 5.500.000,N/A
Dijual mio mulus,Rp 7.500.000,N/A
Yamaha R6 Blue Race,Rp 268.000.000,N/A
PROMO MOTOR BARU NMAX NEO NMAX NEO S & NMAX TURBO DP MULAI 1 JT AN,Rp 33.500.000,N/A
F/S Soul GT 2012,Rp 8.000.000,N/A
fino fi 2015 dki pajak panjang 09 2025,Rp 7.500.000,N/A
YAMAHA GRAND FILANO 2024 SIAP PAKAI,Rp 23.500.000,N/A
FREEGO MULUSBANGETT,Rp 12.000.000,N/A
"YAMAHA NEW NMAX 155 TAHUN 2021 SIAP PAKAI, BERGARANSI, PAJAK HIDUP",Rp 23.500.000,N/A
Mio m3 2018 lengkap bagus pajak on,Rp 8.800.000,N/A
Bismillahirrahmanirrahim dijual karena jarang dipakai,Rp 18.000.000,N/A
NMAX NON ABS PJK SEP 25,Rp 21.950.000,N/A
YAMAHA GRAND FILANO 2024 CASH CREDIT,Rp 23.500.000,N/A
Fino sporty 2019 lengkap mesin halus,Rp 10.500.000,N/A
Yamaha Nmax 155 cc Tahun 2018  ISTIMEWA Old Hitam Doff,Rp 18.300.000,N/A
All New Yamaha Fazzio Neo Hybrid 125 cc 2023 [PUTIH Cream],Rp 16.200.000,N/A
PROMO MOTOR BARU NMAX NEO NMAX NEO S & NMAX TURBO DP MULAI 1 JT AN,Rp 33.500.000,N/A
PROMO MOTOR BARU NMAX NEO NMAX NEO S & NMAX TURBO DP MULAI 1 JT AN,Rp 33.500.000,N/A
"YAMAHA NEW NMAX 155 TAHUN 2021 BERGARANSI, PAJAK HIDUP, SURAT LENGKAP",Rp 23.500.000,N/A
"YAMAHA NEW NMAX TAHUN 2021 GRATIS KIRIM SEJABODETABEK, SIAP PAKAI",Rp 23.500.000,N/A
YAMAHA LEXI 2020 (SIAP PAKAI),Rp 14.750.000,N/A
YAMAHA GRAND FILANO 2024 KM RENDAH,Rp 23.500.000,N/A
(GEBYAR DP 500RB) Yamaha nmax th 2024 cash/credit,Rp 25.900.000,N/A
YAMAHA ALL NEW NMAX 155 TAHUN 2021 BISA CASH / KREDIT / TUKAR TAMBAH,Rp 23.500.000,N/A
YAMAHA GRAND FILANO 2024,Rp 23.500.000,N/A
Yamaha All New Nmax Connected 2023,Rp 28.950.000,N/A
YAMAHA GRAND FILANO 2024 MULUS,Rp 23.500.000,N/A
[Type S] All New Yamaha Aerox S 155 cc Tahun 2018 ISTIMEWA,Rp 16.300.000,N/A
Yamaha Lexi S KeyLess 2019,Rp 12.950.000,N/A
All New Yamaha Mio Gear 125 cc Tahun 2023 ISTIMEWA,Rp 11.400.000,N/A
AEROX CONNECTED CYBERCITY LOW KM MURAH PAJAK HIDUP,Rp 24.800.000,N/A
Yamaha aerox taun 2017,Rp 16.500.000,N/A
Aerox cyber city taun 2022,Rp 21.300.000,N/A
Xeon rc taun 2013,Rp 7.500.000,N/A
Yamaha Aerox Cyber City 2023,Rp 25.450.000,N/A
BISMILLAH JUAL MT25 2015,Rp 23.000.000,N/A
"Di jual Mio J,di jual",Rp 2.750.000,N/A
Yamaha vixion 2022/2023,Rp 12.950.000,N/A
Dijual Motor bekas mio gear tangan pertama,Rp 13.500.000,N/A
nmax 2018 pemakaian 2019,Rp 19.850.000,N/A
Yamaha XSR 155 for sale open po,Rp 36.000.000,N/A
[SIAP PAKAI] YAMAHA MIO 125 CC TYPE SE 88 TAHUN 2023 TANGAN PERTAMA,Rp 13.200.000,N/A
PROMO MOTOR BARU NMAX NEO NMAX NEO S & NMAX TURBO DP MULAI 1 JT AN,Rp 33.500.000,N/A
PROMO MOTOR BARU YAMAHA FAZZIO HYBRID FAZZIO NEO & FAZZIO LUX DP MINIM,Rp 22.500.000,N/A
Dijual motor vixion 2011,Rp 5.700.000,N/A
Yamaha freego 2019,Rp 11.700.000,N/A
Yamaha All New Nmax Connected 2022,Rp 26.450.000,N/A
Yamaha All New R15 V4 VVA Connected 2022,Rp 27.450.000,N/A
Freego type kunci tahun 2020 lengkap bagus mesin halus,Rp 11.300.000,N/A
DiJual Yamaha Aerox 155 R 2019,Rp 16.000.000,N/A
Mio gt tahun 2014 lengkap orisinil mesin halus,Rp 7.300.000,N/A
Yamaha All New Aerox Connected 2023,Rp 25.450.000,N/A
Yamaha fazzio 2024,Rp 18.750.000,N/A
PROMO MOTOR BARU YAMAHA FILANO NEO & FILANO LUX DP MINIM,Rp 28.000.000,N/A
Motor Yamaha RX King 1997 (master) warna hijau tua,Rp 20.000.000,N/A
PROMO MOTOR BARU YAMAHA FAZZIO HYBRID FAZZIO NEO & FAZZIO LUX DP MINIM,Rp 22.500.000,N/A
YAMAHA FILANO 125 CC TIPE LUX TH 2023 LIKE NEW KM 5 RB TIPE TERTINGGI,Rp 22.800.000,N/A
Yamaha nmax keyless 2024,Rp 27.550.000,N/A
Yamaha All New R25 ABS 2022,Rp 49.950.000,N/A
Yamaha gear 2024,Rp 13.950.000,N/A
Yamaha All New Aerox Cyber City 2023,Rp 25.450.000,N/A
Yamaha freego 2019 DKI,Rp 9.200.000,N/A
Yamaha gear 2023 GRATIS LANGSUNG TERIMA BALIK NAMA PEMBELI KTP DKI,Rp 12.450.000,N/A
Yamaha R15 V3 2019,Rp 17.950.000,N/A
X ride 2021 Pajak Panjang,Rp 11.900.000,N/A
Yamaha Lexi LX 155 Type S THN 2024 Keyless Muluss,Rp 22.450.000,N/A
Di jual yamaha mio,Rp 4.900.000,N/A
"YAMAHA NEW NMAX PREDATOR LIMITED TH 2021 LOW KM KREDIT DP 1,5 JT",Rp 25.500.000,N/A
Yamaha FREEGO KEYLESS 2019,Rp 13.000.000,N/A
PROMO MOTOR BARU NMAX NEO NMAX NEO S & NMAX TURBO DP MULAI 1 JT AN,Rp 33.500.000,N/A
DI JUAL RX KING 1996 ( PEMAKAI),Rp 28.000.000,N/A
Yamaha All New Aerox Connected 2023,Rp 24.450.000,N/A
Yamaha XSR 155 th 2020,Rp 24.800.000,N/A
Yamaha XSR 155 th 2020,Rp 24.800.000,N/A
Yamaha XSR 155 th 2020,Rp 24.800.000,N/A
Yamaha XSR 155 th 2020,Rp 24.800.000,N/A
Xeon karbu thn 2011 ss bpkb,Rp 3.500.000,N/A
YAMAHA AEROX 2022,Rp 24.000.000,N/A
Yamaha new aerox abs 2024,Rp 27.150.000,N/A
PROMO MOTOR BARU YAMAHA FAZZIO HYBRID FAZZIO NEO & FAZZIO LUX DP MINIM,Rp 22.500.000,N/A
PROMO MOTOR BARU NMAX NEO NMAX NEO S & NMAX TURBO DP MULAI 1 JT AN,Rp 33.500.000,N/A
Jupiter ZI FI mulus B DKI komplit mesin sehat siap pakai,Rp 6.500.000,N/A
JualCpt 90%LikeNew PjkDes25 YAMAHA XSR 2022 HITAM,Rp 27.900.000,N/A
Yamaha Mio smile Gress tahun 2011 siap pakai,Rp 4.840.000,N/A
Yamaha Gear 2023 Seperti Baru Type S Remote ISS  Aktif Siap Pakai DKI,Rp 12.900.000,N/A
Yamaha X-Ride 2014 orisinil,Rp 6.500.000,N/A
Yamaha aerox old 2020,Rp 16.500.000,N/A
[Motor Baru] PROMO KREDIT MOTOR YAMAHA JABODETABEK,Rp 19.990.000,N/A
Yamaha Fazzio Hybrid Lux,Rp 22.500.000,N/A
Soul GT tahun 2013,Rp 6.950.000,N/A
Yamaha gear 2022,Rp 9.850.000,N/A
Yamaha Aerox 2020 mulusss,Rp 18.750.000,N/A
PROMO MOTOR BARU YAMAHA FILANO NEO & FILANO LUX DP MINIM,Rp 28.000.000,N/A
[FREE BALIK NAMA] AllNew Yamaha Aerox CYBER CITY Connected  155 2023,Rp 22.400.000,N/A
PROMO MOTOR BARU YAMAHA FILANO NEO & FILANO LUX DP MINIM,Rp 28.000.000,N/A
XMAX fresh 2025 km 500,Rp 65.000.000,N/A
Yamaha All New Nmax connected 2021,Rp 24.800.000,N/A
yamaha nmax 2016 b bksi kota pjk hdp 5/2025 hrg pas/net,Rp 14.600.000,N/A
Yamaha ninja R25 movistar 2017 modif mewah mantul istimewa mantep,Rp 34.850.000,N/A
"Yamaha mt15 2022,km 15rb,modif mewah mantul mantep istimewa",Rp 30.850.000,N/A
"Yamaha xsr 155 ninja special edition 2022,km 2rb,mewah mantep mantul",Rp 31.850.000,N/A
"nmax 2020 modif ninja hedon mulus istimewa mantul,km 17rb",Rp 28.850.000,N/A
Yamaha nmax 2016 modif ninja hedon mewah mantep istimewa mantul,Rp 28.850.000,N/A
"R25 movistar 2017 modif ninja,mulus mantap istimiwir mewah",Rp 34.850.000,N/A
"Yamaha xsr 155 special edition ninja 2022,km 2rb,mulus mantap",Rp 31.850.000,N/A
"nmax 155 2020 modif,km 17rb,ninja mulus mantap istimiwir mewah",Rp 28.850.000,N/A
Yamaha nmax 155 2016 modif ninja hedon mulus mantap,Rp 28.850.000,N/A
Yamaha R25 movistar 2017 ninja modif mantap istimewa gokil,Rp 34.850.000,N/A
"Yamaha mt15 ninja modif 2022,km 15rb,mantap istimewa gokil",Rp 30.850.000,N/A
"Yamaha xsr 150 ninja special edition 2022,km 2rb,mantap mewah",Rp 31.850.000,N/A
"Yamaha mt25 2017 modif mantap,istimewa mantap mantul makyus",Rp 31.850.000,N/A
"Yamaha r15 v4 2023 modif,km 20rb,mantul,makyus,istimewa",Rp 25.850.000,N/A
"Yamaha ninja R25 movistar 2017 modif,mewah istimewa mantap",Rp 34.850.000,N/A
"Yamaha mt15 modif 2022,km 15rb,mewah istimewa",Rp 30.850.000,N/A
"Yamaha xsr-155 special edition ninja 2022,km 2rb,istimewa mantul",Rp 31.850.000,N/A
Motor custom brat cafe/style/caferace,Rp 17.000.000,N/A
VIXION OLD TH 2012 ISTIMEWA PAJAK HIDUP CASH/TT/CC BUNGA0%/KREDIVO,Rp 9.900.000,N/A
Yamaha Nmax tahun 2016 siap pakek pajak panjang,Rp 16.650.000,N/A
Soul GT 2015 hidup,Rp 7.300.000,N/A
Yamaha Nmax new tahun 2023 siap pakek,Rp 23.700.000,N/A
Yamaha Aerox 2021 pajak panjang siap pakek,Rp 18.700.000,N/A
yamaha X Traide 125 THN 2017,Rp 6.500.000,N/A
Yamaha vega r new th 2009,Rp 8.000.000,N/A
YAMAHA AEROX CYBERCITY 2024,Rp 24.700.000,N/A
GASSS PROMO DP 500 YAMAHA FINO 2018,Rp 10.000.000,N/A
Yamaha R15 V3 Th 2017 plat tangsel,Rp 16.800.000,N/A
Yamaha R15 th 2016 plat depok,Rp 11.500.000,N/A
DP 1 JT FAZIO 2024 BERGARANSI MESIN + HELM,Rp 18.500.000,N/A
Yamaha R15 th 2016 plat depok,Rp 11.500.000,N/A
Yamaha R15 th 2016 plat bogor,Rp 8.900.000,N/A
Yamaha nmax abs th 2022 plat jakarta,Rp 26.800.000,N/A
Yamaha nmax abs th 2022 plat jakarta,Rp 26.800.000,N/A
"DP 2,5 JT AEROX S ABS 2024 DI BANTU SAMPE ACC",Rp 26.000.000,N/A
NMAX 2020 LOW KM TT/TUNAI NEGOTIPIS/DIJUAL DIBELI,Rp 16.900.000,N/A
GRAND FILANO NEO 2023 LOW KM TT/TUNAI NEGOTIPIS/DIJUAL DIBELI,Rp 19.900.000,N/A
Jual Mio smile 2010,Rp 2.500.000,N/A
BYSON 2012 CUSTOM JOSS TT/TUNAI NEGOTIPIS/DIJUAL DIBELI,Rp 11.900.000,N/A
Dp 250rb - kredit nmax 2019 km low,Rp 19.800.000,N/A
Dp 700rb - kredit Grand Filano 2024 bekas rasa baru,Rp 23.500.000,N/A
GRAND FILANO NEO 2023 LOW KM TT/TUNAI NEGOTIPIS/DIJUAL DIBELI,Rp 20.900.000,N/A
"YAMAHA R15V4 2022, FULL PAPER, PAJAK ON PANJANG, NOMINUS, R15 V4",Rp 23.500.000,N/A
Mio Sporty 5 TL 2007,Rp 8.500.000,N/A
(DP stelah terima unit 500rb) Yamaha fazzio th 2023 cash/credit,Rp 16.800.000,N/A
NMAX 2020 LOW KM TT/CASH NEGOTIPIS/DIJUAL DIBELI,Rp 16.900.000,N/A
GRAND FILANO NEO 2023 LOW KM TT/CASH NEGOTIPIS/DIJUAL DIBELI,Rp 19.900.000,N/A
BYSON 2012 CUSTOM JOSS TT/CASH NEGOTIPIS/DIJUAL DIBELI,Rp 11.900.000,N/A
GRAND FILANO NEO 2023 LOW KM TT/CASH NEGOTIPIS/DIJUAL DIBELI,Rp 20.900.000,N/A
PROMO AEROX 999RB⁉️DP BAYAR DI RUMAH ! SYARAT KTP KK AJA !,Rp 20.800.000,N/A
NMAX 2020 LOW KM TT/DIJUAL DIBELI/KONTAN NEGOTIPIS,Rp 16.900.000,N/A
GRAND FILANO NEO 2023 LOW KM TT/DIJUAL DIBELI/KONTAN NEGOTIPIS,Rp 19.900.000,N/A
SCORPIO BAN GAMBOT 2008,Rp 13.500.000,N/A
BYSON 2012 CUSTOM JOSS TT/DIJUAL DIBELI/KONTAN NEGOTIPIS,Rp 11.900.000,N/A
New Vixion 2017,Rp 11.500.000,N/A
Yamaha Champ 91 pakean pribadi,Rp 19.500.000,N/A
Mio S 125 Bluecore 2018 / 2019 Mulus Sekali Plat Jakarta ABBA,Rp 8.850.000,N/A
Seperti baru! Km11rb! YAMAHA XSR 155 VVA 2022 Akhir Pajak Panjang,Rp 28.500.000,N/A
Seperti baru! Km11rb! YAMAHA XSR 155 VVA 2022 Akhir Pajak Panjang,Rp 28.500.000,N/A
DP 500RB SYARAT KTP&KK • YAMAHA NMAX KEYLES 2022,Rp 24.000.000,N/A
"DP 2,5 JT, AEROX S ABS, KTP DAERAH BISA, PROSES DIBANTU SMPI ACC",Rp 26.000.000,N/A
DP PROMO YAMAHA XSR155 2023 • SYARAT MUDAH DIBANTU PORSES,Rp 29.000.000,N/A
AEROX CONNECTED ABS  /GARANSI MESIN DAN FREE SERVICE 6X,Rp 26.500.000,N/A
DP 2.5JT SYARAT KTP&KK • YAMAHA AEROX S ABS 2024 KM.RENDAH,Rp 26.000.000,N/A
R15 VVA 2019 / 2020 Full Orisinil Plat Jakarta Mulus Banget ABBA,Rp 16.750.000,N/A
Soul GT 125 Bluecore 2017 / 2018 GRATIS Balik Nama Ori Mulus ABBA,Rp 9.250.000,N/A
Yamaha Aerox Connected ABS 2022,Rp 25.000.000,N/A
Yamaha Nmax ABS 2021,Rp 25.000.000,N/A
YAMAHA XEON TH 2010 SURAT KOMPLIT,Rp 5.800.000,N/A
DP 2.5 JUTA AEROX S ABS 2024 PROSES DIBANTU SAMPAI ACC,Rp 26.000.000,N/A
Yamaha FAZZIO KEYLES 125cc,Rp 21.500.000,N/A
Yamaha Mio smile 2011 plat W Sidoarjo PJK hidup,Rp 5.950.000,N/A
Yamaha Jupiter MX 135 kopling th 2012 plat 2027 PJK pnjng mesin halus,Rp 7.350.000,N/A
Nmax OLD MULUS PAJAK PANJANG,Rp 20.000.000,N/A
Jual Vixion Tahun 2014 Surat lengkap nego aja di chat,Rp 14.000.000,N/A
Mio M3 GOODLOOKING,Rp 10.500.000,N/A
GRAND FILANO NEO 2023 LOW KM TT/DIJUAL DIBELI/KONTAN NEGOTIPIS,Rp 20.900.000,N/A
DP 1 JUTA AEROX CONNECTED 2024 PROSES DIBANTU SAMPAI ACC,Rp 24.000.000,N/A
Mio smile tahun 2011,Rp 3.500.000,N/A
jual Xmax Conected 2024 Full Modif!,Rp 95.000.000,N/A
Yamaha Aerox 2018 Ss lengkap Rapih,Rp 14.500.000,N/A
YAMAHA NEW NMAX 2022 STD,Rp 22.200.000,N/A
Soul Gt 125 jual BU,Rp 2.800.000,N/A
YAMAHA  XMAX CONNECTED 2023,Rp 62.000.000,N/A
DIJUAL NMAX 2019,Rp 19.000.000,N/A
Yamaha Fino Grande 2018,Rp 11.950.000,N/A
DP 1 JT AEROX CONNECTED 2024 DI BANTU SAMPE ACC,Rp 24.000.000,N/A
NMAX 2020 LOW KM TT/DIJUAL DIBELI/CASH NEGOTIPIS,Rp 16.900.000,N/A
DP 1JT SYARAT KTP&KK • AEROX KUNCI 2024 LIKE NEW,Rp 24.000.000,N/A
GRAND FILANO NEO 2023 LOW KM TT/DIJUAL DIBELI/CASH NEGOTIPIS,Rp 19.900.000,N/A
Yamaha New Gear 125 2022,Rp 12.450.000,N/A
BYSON 2012 CUSTOM JOSS TT/DIJUAL DIBELI/CASH NEGOTIPIS,Rp 11.900.000,N/A
Yamaha N-MAX CONNECTED REMOTE KEYLESS 2024 ( LIKE NEW / LOW KM),Rp 27.750.000,N/A
Yamaha Gear 125 2023,Rp 13.950.000,N/A
Yamaha Lexi S 125 2018,Rp 14.950.000,N/A
Yamaha All New Nmax ABS Connected 2023,Rp 29.450.000,N/A
Yamaha R15 V3 GP Movistar 2018,Rp 17.450.000,N/A
GRAND FILANO NEO 2023 LOW KM TT/DIJUAL DIBELI/CASH NEGOTIPIS,Rp 20.900.000,N/A
Yamaha LEXI 125 S REMOTE KEYLESS 2021 BL 7 ( GRESS / TERAWAT) DKI,Rp 16.750.000,N/A
"DP 2,5 JT AEROX S ABS THN 2024 PROSES DIBANTU SAMPAI ACC",Rp 26.000.000,N/A
NMAX 2020 LOW KM DIJUAL DIBELI/TT/KONTAN NEGOTIPIS,Rp 16.900.000,N/A
GRAND FILANO NEO 2023 LOW KM DIJUAL DIBELI/TT/KONTAN NEGOTIPIS,Rp 19.900.000,N/A
BYSON 2012 CUSTOM JOSS DIJUAL DIBELI/TT/KONTAN NEGOTIPIS,Rp 11.900.000,N/A
Yamaha FREEGO 125 BLUECORE FI 2024 BL 3 ( LIKE NEW / FULL ORIGINAL)DKI,Rp 17.500.000,N/A
Yamaha Nmax 155 2016,Rp 17.950.000,N/A
GRAND FILANO NEO 2023 LOW KM DIJUAL DIBELI/TT/KONTAN NEGOTIPIS,Rp 20.900.000,N/A
Yamaha NEW AEROX 155 Thn 2024 BL 2 ( LIKE NEW / PAJAK PANJANG 2026),Rp 24.500.000,N/A
Yamaha Xeon RC 125 2013,Rp 7.950.000,N/A
Yamaha N-MAX CONNECTED REMOTE KEYLESS 2024 ( LOW KM / LIKE NEW),Rp 27.750.000,N/A
Yamaha mio m3 125 fulori supergres pajak pol panjang 10-2026,Rp 8.300.000,N/A
(bayar hanya 500 garansi full all claim) fino 2018 cash credt,Rp 9.500.000,N/A
(promo DP hanya 700 free pajak hidup) Lexi 2019 cash credt,Rp 13.500.000,N/A
(heboh DP 500 lngsng gas) fazzio 2023 cash credt,Rp 16.500.000,N/A
(angsrn 38rb/hari lngsng bawa plng MTR) NMAX 2019 cash credt,Rp 20.500.000,N/A
NMAX 2020 LOW KM DIJUAL DIBELI/TT/TUNAI NEGOTIPIS,Rp 16.900.000,N/A
Dp 500rb - proses 1hari bawa pulang Nmax 2024 km Low,Rp 26.000.000,N/A
Gratis tenor 2bulan kredit aerox 2022 km Low,Rp 20.300.000,N/A
(proses hanya KTP&KK DP 700) aerox 2022 cash credt,Rp 20.800.000,N/A
GRAND FILANO NEO 2023 LOW KM DIJUAL DIBELI/TT/TUNAI NEGOTIPIS,Rp 19.900.000,N/A
Kredit DP 500ribu proses 1hari langsung bawa pulang fazzio 2023,Rp 16.000.000,N/A
NMAX 155 full Gress,Rp 20.500.000,N/A
YAMAHA GEAR 2023 BISA CASH DAN KREDIT,Rp 13.200.000,N/A
YAMAHA GEAR 2023 BISA CASH DAN KREDIT,Rp 13.200.000,N/A
YAMAHA GEAR 2023 BISA CASH DAN KREDIT,Rp 13.200.000,N/A
YAMAHA GEAR 2023 BISA CASH DAN KREDIT,Rp 13.200.000,N/A
YAMAHA GEAR 2023 BISA CASH DAN KREDIT,Rp 13.200.000,N/A
NMAX OLD 155 PUTIH ORIGINAL,Rp 16.800.000,N/A
Fazzio Neo full Gress,Rp 17.500.000,N/A
YAMAHA X RIDE 115 FULL ORI PJK ON,Rp 7.800.000,N/A
Yamaha N-MAX CONNECTED REMOTE KEYLESS 2024 ( LOW KM / LIKE NEW),Rp 27.750.000,N/A
YAMAHA N MAX 155 NON ABS 2016 pajak panjang/B.dki,Rp 17.500.000,N/A
Rx king 94 lengkap pajak pules,Rp 17.500.000,N/A
Rx king 2004 di jual,Rp 25.000.000,N/A
Yamaha Soul GT tahun 2015,Rp 8.200.000,N/A
